square_feet,bedrooms,bathrooms,age_years,lot_size,garage_spaces,neighborhood_score,price
3574,2,2,24,2568,2,1.31,595112.5623088267
3907,2,2,20,5989,3,5.65,659978.2290235267
1260,3,1,11,636,2,4.42,318973.8046064454
1694,3,3,56,3028,1,7.97,288343.0142145818
1530,2,1,40,1756,1,7.24,269864.08055003965
1495,4,2,32,7770,2,6.9,355507.13732976833
3492,1,1,49,7680,3,3.41,503114.9360993602
2038,1,3,52,9696,0,8.05,351224.5083448005
2569,4,1,3,382,2,0.52,505342.65610942064
866,2,3,41,7390,2,1.6,193581.09243973924
1638,3,2,56,6887,0,3.36,260390.34872068887
730,1,2,6,5765,2,0.77,233791.83004465819
1882,5,3,21,7441,0,2.35,454101.8041636812
2535,5,2,54,7851,3,8.3,456605.30832458555
3844,4,2,32,5775,1,9.48,737766.5424381638
3571,2,2,16,1789,3,3.05,622811.865349696
3319,1,2,23,9979,1,2.65,601806.7335396367
530,2,3,33,9051,0,2.8,139877.8085572003
2085,1,1,27,359,1,2.78,325989.6658781613
3780,4,1,57,6755,3,0.36,607643.4453384435
1169,4,2,42,9403,1,9.27,269950.2071004102
2791,5,1,40,8444,0,2.14,547445.9307564645
1915,2,1,38,7046,1,4.2,321414.73601358733
3885,5,2,21,2507,2,0.1,710018.0713492262
3253,2,2,48,1428,3,8.58,542086.2151498589
2833,5,1,16,7426,2,7.31,565385.2960615059
1615,3,3,33,5790,0,9.47,373182.410685805
1355,3,2,5,7119,1,7.82,321526.38328613737
2724,3,3,45,5785,2,3.14,472309.8278585719
1584,3,1,5,9427,2,2.48,387627.20619693585
859,1,2,33,6246,1,6.98,177129.04261534865
3785,3,3,0,5145,1,3.64,734944.303650001
421,4,2,9,8127,3,5.66,269047.2823337086
2700,4,1,20,7216,2,0.06,534688.0309666496
1147,1,3,4,7958,2,0.62,289575.5269028229
3304,3,1,1,5286,0,5.35,657008.852997036
874,3,1,21,9656,3,5.66,237825.27702407533
1482,3,2,47,7361,0,7.51,273545.80718014896
2958,5,3,56,2084,2,1.32,524219.1933699447
2447,2,1,1,2009,0,5.13,457409.5646796604
3947,5,1,9,3367,2,1.94,720219.7868607768
3147,2,3,33,6552,2,0.93,515271.00349679
1375,3,1,15,9209,0,4.1,310312.0314875839
2206,3,1,47,6256,0,1.63,336632.52428898687
589,5,3,50,2637,1,2.22,213440.1757796256
3405,5,3,38,6668,1,3.18,631175.1535352952
3134,2,3,21,9280,1,2.59,564400.2148501702
3405,4,3,11,6151,2,0.88,690578.7957280531
962,2,2,23,5476,0,0.9,209995.85274895444
2299,5,3,46,9059,3,1.93,468247.65144425904
1667,5,2,39,8018,2,0.51,346801.36504471116
3279,1,2,37,4928,3,6.26,619640.0360799815
1928,5,2,59,2824,0,2.87,342693.7152452348
3602,1,1,58,5938,2,2.8,541264.5915476879
3956,4,2,9,4432,3,3.32,733765.0895953301
1046,2,2,34,5993,3,6.63,229216.2922715265
2468,2,1,50,4723,1,8.71,433022.9177658058
3288,1,1,48,5771,1,7.59,524450.6187871126
2614,2,1,31,9210,1,7.28,464512.4420746657
1697,5,3,6,9498,2,4.84,453434.5821640595
2835,3,1,20,2424,0,6.94,501237.28456086846
1000,1,1,19,8589,0,5.53,187245.78529487742
2763,2,2,25,6291,1,2.16,460375.01339722716
2461,1,1,3,8862,1,2.09,470620.88368522027
641,1,3,45,6561,1,2.96,133928.62445584117
2441,3,1,51,2148,3,9.11,435497.57632684545
3224,5,3,21,7294,1,5.47,640860.0402407547
3817,1,1,14,6518,3,7.34,669718.7795026633
3012,2,1,55,3996,0,3.47,426561.12470051734
3345,4,1,39,434,2,4.08,557311.8387445939
1763,1,1,20,9320,2,1.26,355211.24872284353
2539,1,3,14,3807,2,1.71,473024.14593681484
1790,3,3,21,8243,2,8.27,422945.0867657308
3403,5,2,51,722,3,5.85,624159.08027715
1878,4,3,27,6104,3,3.38,427728.8177246605
3899,2,1,13,5088,1,8.03,682928.6548805031
2956,4,2,26,6032,3,2.47,549141.4964609259
1175,2,2,40,7322,1,9.76,222251.6994312683
434,5,2,39,6042,1,3.45,150577.70489743107
2653,2,1,57,1516,2,3.37,404201.1683364107
3552,3,3,27,1324,3,3.12,647225.8130564413
2355,3,1,25,5821,3,1.22,425631.36872468825
1985,3,2,48,5623,1,1.11,347927.97683270415
3859,3,1,1,2787,1,6.48,717733.1292190821
3473,4,1,24,9415,0,8.75,619130.6801740127
1421,5,3,55,5872,0,7.91,303067.4491074145
3861,2,3,2,1578,1,1.41,708478.8335012095
3013,2,2,7,3574,0,5.46,534310.8929176115
1529,3,1,43,1719,0,1.06,256292.535297919
1900,3,1,32,5977,1,0.45,345324.47208327125
1102,1,3,41,8135,1,6.56,194266.00588997948
2849,5,1,51,6293,3,5.35,523381.93469996203
3177,4,1,34,8618,1,0.82,560558.971733118
1979,2,1,5,5555,1,0.35,371489.977477224
561,1,3,38,5168,2,9.9,142240.32700267583
601,1,2,51,9283,3,0.3,87447.60138137621
2381,2,2,22,5774,3,4.45,449068.0206175221
1395,4,1,24,4272,3,5.05,329702.35979125707
2717,1,2,58,2457,2,1.17,379083.5568261136
1215,1,3,49,8788,1,1.69,172198.24203512224
3742,5,3,42,4624,3,3.52,678336.2395072675
855,4,2,18,3437,3,7.62,273638.15786375996
3933,1,2,4,4093,0,5.07,691682.774192645
1675,4,1,50,2205,3,6.38,331695.29829553864
1416,2,2,10,2216,1,9.85,343106.42157750006
2743,3,1,55,9588,1,7.68,433885.6220600206
3167,1,1,11,1972,0,4.34,527845.0155815869
737,5,3,9,8553,3,4.46,269575.0700199693
1278,2,3,7,4176,3,6.19,348200.4079636198
1476,4,3,23,1951,3,6.65,386469.95347801596
1191,2,3,59,9167,2,5.01,211981.4966427815
2664,1,2,27,7630,3,6.45,486118.5962344356
1163,4,3,40,7370,1,0.24,234611.51449259894
2635,3,2,35,6669,1,4.3,455466.66019200353
779,2,3,36,9331,2,2.79,212190.98476864552
892,1,2,20,3420,2,1.29,204735.06557079148
3512,5,1,7,739,3,1.0,674040.9097791046
1580,4,2,54,1661,0,6.03,296639.2463480942
2462,2,2,8,5384,2,5.24,492553.9623359982
464,2,3,46,8747,2,2.54,117629.5807215568
2968,3,2,14,434,3,4.71,568541.4537879342
1767,3,1,47,1748,3,4.92,305197.6461737693
1552,5,1,45,7680,2,1.95,295334.4809836294
2427,5,3,39,4413,0,6.52,504569.716118042
3095,1,1,17,1873,2,7.81,521065.5113341482
1895,1,2,41,6908,3,7.91,323148.78571406176
3534,5,1,59,8182,3,6.02,580937.0335897328
1562,5,3,19,2300,2,5.12,348540.64264821744
1922,4,2,5,3948,0,0.61,432055.93736237974
3040,3,3,11,3373,2,2.88,610258.1737407242
791,1,2,1,2015,2,0.93,237330.77169189416
2098,3,1,6,4041,3,9.64,461721.21367659635
818,3,3,15,8216,0,1.35,231742.14945412808
2736,5,3,2,7211,1,1.52,590227.5377339371
778,4,2,44,4693,0,8.9,186454.84740323594
2196,2,3,2,874,2,9.44,502863.80701480375
3961,4,2,26,8288,2,7.66,731175.6950254209
2678,4,2,49,8778,2,0.05,478967.41592002806
3465,3,2,42,2358,0,0.01,541655.8633607919
2488,4,2,39,2861,3,3.78,498678.95812441414
3499,1,1,37,2264,2,1.43,496573.22241130524
2582,3,2,32,3453,2,0.18,436335.51650563907
600,1,3,27,5179,0,4.64,152872.21048469117
2263,2,1,0,7903,1,9.43,503558.2150246187
1179,3,3,54,9131,1,3.24,227329.99600482458
3377,2,1,7,1601,3,6.61,603734.5838854532
3504,3,2,36,3459,3,6.52,640091.2541031669
3519,5,1,31,4123,2,2.51,643099.968840298
902,4,1,59,4414,0,6.5,186432.27623988487
2854,5,3,47,3427,2,2.12,506506.97830511315
2151,2,3,42,2945,3,1.22,407433.3697202185
1204,4,2,36,6291,0,7.01,241242.85086463456
2546,3,1,3,4066,0,1.13,476658.55707690265
3131,4,1,29,6018,3,9.97,606851.6550564786
2295,1,1,5,2422,1,1.83,413304.2675639819
3173,4,2,45,2992,1,5.94,570965.8467196473
1970,1,2,53,4263,0,4.11,243822.79965981553
1360,4,2,18,1724,2,1.26,328048.14959398075
3060,1,2,31,8424,1,0.28,518680.84065567894
1885,2,2,8,6398,2,6.23,409421.8845414419
3090,5,3,11,4225,1,8.07,626313.206404666
1428,3,1,10,2766,1,8.42,350142.1478965331
3689,4,1,45,3003,2,4.83,605879.7945971261
902,5,1,54,3909,3,7.77,206941.53975874244
3214,3,1,15,6355,1,6.73,570997.2849423299
797,3,1,0,919,1,7.24,244134.29774102074
1270,1,1,44,6716,2,4.93,209383.2044074574
3242,2,1,54,4779,3,6.33,486465.9989059384
792,2,1,52,1172,1,8.06,105051.08246540112
606,5,3,20,3918,1,3.98,231786.34248275563
1438,2,1,29,7595,3,8.06,282970.2270422672
2281,4,3,12,4602,1,5.92,500849.1645309886
3339,2,2,33,4752,3,1.66,576558.4319280176
1884,5,1,3,2407,3,0.25,451641.47620533186
1263,2,2,27,4626,2,3.63,270098.63777495606
3190,4,2,37,7119,0,5.47,598567.8343057722
3712,1,2,57,9035,3,8.4,594543.6719925432
963,5,3,30,8586,2,1.27,306111.2849577849
1420,1,2,58,8880,0,8.0,200467.68500446054
495,1,2,54,2404,1,8.63,95828.12285322983
2323,1,2,26,5545,0,1.51,372822.9495241336
2157,3,1,4,3476,3,8.52,481290.9665517718
2932,3,1,24,1302,3,9.91,521706.66263635235
3878,1,3,2,5443,3,7.27,728720.6826397624
2678,5,3,32,6814,3,7.85,550370.3952966132
3196,4,1,3,9633,3,9.94,686206.7130896782
2078,4,3,24,8907,2,6.05,482181.5292399757
3642,2,1,19,5423,3,3.08,624053.4522488181
940,5,2,33,8784,2,8.38,328699.4985724908
1459,3,2,25,830,1,6.14,303212.4340761305
2972,1,3,4,9371,3,5.81,556731.6219865495
1583,2,1,34,6883,3,2.54,280253.6405927464
2122,4,1,27,477,0,7.56,382051.179552843
3714,3,3,28,432,1,0.82,647016.0420357251
3557,3,1,8,9944,3,9.24,665450.739466551
2219,1,2,51,5890,3,3.26,341625.7196838751
3025,4,3,37,7859,1,1.28,560599.0434107354
3129,5,3,49,225,2,4.42,572832.917894236
3004,3,1,5,7668,3,0.42,581943.1237531644
1997,1,3,18,6610,0,6.85,384840.0103808814
3460,5,1,59,8852,3,9.03,603383.998049847
3093,4,1,43,3964,0,8.37,493912.9588866734
1195,3,1,56,6799,0,1.27,171721.2355851071
1451,5,1,10,5302,3,1.26,386408.9956863057
2043,5,1,1,7206,3,8.13,505513.3002278119
1763,5,3,46,3683,0,9.24,380365.76746261003
2381,3,2,43,2194,1,4.61,397632.3394098103
1754,3,2,43,8882,1,4.99,349720.7215975586
2063,2,3,8,1272,3,3.18,389407.64265057334
1929,4,3,20,6907,2,8.94,457812.8102584671
2438,1,2,23,415,1,6.45,446857.6069424256
3819,5,2,33,7805,3,2.88,741053.9703208293
1896,2,2,21,9984,1,2.99,366701.4766151505
3702,1,2,2,2806,2,8.91,647118.0368871423
2637,2,2,11,8550,3,0.14,538399.4568468672
3696,3,1,27,4981,2,3.23,634014.6966638888
1808,5,3,29,3513,3,5.54,428666.6092146024
1800,1,1,25,7963,2,1.48,297508.9071824454
1706,1,2,47,6139,1,0.92,231940.25038283484
3080,1,2,20,2495,1,8.15,542717.2633784871
3075,1,2,27,5885,2,8.94,549237.4290951733
1372,1,1,55,1896,2,8.24,203342.88003598843
2168,2,1,25,2146,2,8.99,386181.08436812315
1682,5,2,32,2983,3,5.53,369556.023497817
3830,3,1,20,3844,1,8.12,642903.0268956021
1109,3,1,34,5441,3,3.84,234541.09647844054
1879,3,2,51,6620,1,6.66,312952.9287050207
1834,3,1,33,7757,0,9.89,315097.8060941791
1048,2,3,40,2845,3,2.26,237696.90024706096
717,4,3,50,6789,1,3.9,161446.72277030066
3696,5,3,46,6553,1,4.8,684584.4536286147
1657,1,3,17,2132,3,1.38,345835.43420226924
1083,4,2,57,1957,3,0.81,220680.82375236799
1063,3,2,10,5285,1,8.3,328226.1809212018
2398,4,2,56,5837,3,9.77,422967.9473187095
3845,5,3,22,1316,2,4.05,750007.439920976
2031,1,3,47,692,3,0.88,323721.1485395714
1895,1,1,21,9011,3,0.66,398673.4031325908
3704,5,1,16,8088,3,8.91,723890.1113772158
1536,5,3,4,6674,1,4.64,413821.83327748766
2253,3,3,43,9938,2,3.2,434936.7154971453
1920,1,3,10,5158,0,4.76,373417.8293558272
2889,4,3,29,9997,0,3.18,534714.7407540026
963,2,1,14,9667,2,4.89,226048.46432128325
1691,2,3,26,2943,2,8.6,387500.0897677481
3981,5,1,34,8066,2,5.92,694772.7673620002
3857,3,3,32,7360,1,6.95,689581.75120761
3858,2,3,19,5651,0,3.65,689075.6827925219
3584,1,3,15,5458,2,7.39,667775.8997088526
2036,5,1,33,8748,1,6.67,409872.9519563712
3399,4,1,1,7386,0,1.2,637098.3039874848
3552,5,2,34,6302,3,5.73,666590.1299797125
1098,4,3,39,9261,1,2.57,237231.6247466825
2560,5,2,55,9277,0,8.04,477424.3476604023
401,5,2,27,9675,1,4.26,199050.07291269617
1041,5,1,46,819,0,9.95,259449.70161203758
2667,4,1,38,1082,0,0.93,427539.8980539715
1989,4,2,5,9188,3,7.8,511899.9311723539
1254,5,3,8,3842,1,6.74,398188.6830056841
2159,2,1,19,1496,2,7.67,407793.4337361577
3696,3,3,59,8636,3,3.08,574494.7685833266
2832,3,3,0,3095,3,4.92,590498.6468511142
3874,3,2,7,6793,0,7.97,750313.4224860823
2061,4,2,54,1129,2,2.33,366339.1154298382
1553,4,2,22,5566,1,2.26,360729.99411743775
1476,2,2,2,8911,2,5.51,359968.66836730065
2107,3,1,3,3412,2,5.24,443125.14180273743
3177,3,1,57,2609,2,2.82,453881.1086260099
2095,5,2,24,8399,2,2.98,477882.78434110613
2133,4,1,46,3623,2,2.78,400129.6240944475
1839,3,2,37,7176,0,7.72,330344.75429066626
2694,2,3,14,7794,0,6.52,512670.89756983385
1235,2,3,20,5358,3,8.32,309651.17445291416
3910,3,3,34,3867,0,9.75,688887.0658797257
602,4,2,56,6173,3,4.74,153978.7283698181
3655,2,3,52,6436,3,0.67,612758.8184636601
522,5,1,52,8477,1,0.48,139120.48632248977
800,2,3,45,2668,2,2.96,118227.53888830604
1166,1,3,51,6417,0,9.33,207578.40550385287
693,1,3,13,3819,1,5.23,216205.01975181568
2727,4,1,35,1836,0,2.72,442840.7667947012
3331,3,2,11,8355,3,3.99,654504.5386994915
597,4,1,16,3783,0,5.99,234685.1933950842
3429,4,2,38,4209,2,6.53,618599.3275035648
2330,4,2,8,3526,3,1.54,528004.5772865898
3982,4,3,34,8348,3,9.77,741462.9005952696
3199,5,2,59,2417,1,5.45,542674.7142308569
2591,5,1,12,5167,2,1.36,529971.5742414731
1008,2,1,14,2569,3,8.94,252415.59147304887
3672,1,2,17,3838,2,0.75,613771.5590983385
1547,4,3,50,9335,0,9.08,290346.3643815137
586,2,3,32,5922,2,9.97,184036.39731233407
3797,1,1,5,4644,3,7.0,701594.1291085357
2911,3,3,58,7818,1,7.7,475112.19886296336
3820,5,2,26,4147,3,3.37,698081.3345705338
2194,1,2,22,1876,2,9.42,408336.2474278951
1059,3,1,58,1396,2,5.3,178765.66286714489
3211,1,2,26,2987,3,7.32,565133.2943810797
3402,5,1,33,7632,2,9.24,640009.2285363072
2355,5,2,55,9853,0,9.75,443643.2832891667
2850,2,1,45,8127,3,8.33,476726.30452742
1769,4,3,37,3518,1,3.03,336960.0768940007
2386,1,2,13,9058,3,9.67,477598.16263378697
1934,1,2,35,6889,0,6.28,337209.9399288493
546,3,1,52,2376,0,9.31,115883.09252704668
3619,5,1,7,3943,0,6.76,657131.1574612142
3311,1,2,34,8992,0,3.07,530882.5072661816
2134,5,1,18,4622,0,3.7,421588.60948285664
2243,1,2,29,4024,1,5.5,410841.28010442766
888,2,3,13,9371,2,7.9,281167.3956585676
3376,4,1,58,2651,0,3.18,538167.6792026121
2359,1,2,19,828,0,5.8,405329.3628882972
2063,5,3,48,7978,3,3.46,433464.9000220505
2998,2,3,24,3896,1,8.16,578888.8983530649
2785,1,2,39,3874,1,4.67,460963.4879325003
3319,3,1,23,4129,2,0.77,579775.1730449509
1040,4,2,13,2965,1,1.66,276916.67147725204
2202,1,3,25,4569,3,0.61,372124.5054893826
2920,2,2,37,8507,3,4.99,522475.3506974828
2369,3,1,22,5156,2,1.06,437319.9206136057
2598,2,3,21,892,3,1.14,498983.1209416455
1838,2,2,47,3362,0,9.41,323810.3768306957
3769,3,1,56,1305,0,8.73,601808.4219009449
2034,2,3,18,3208,3,4.52,430815.8582178881
662,3,1,45,2361,2,9.86,137674.7906974359
2187,1,3,50,8545,1,0.0,297153.72898163734
2591,3,2,2,3899,2,6.14,524374.0027928642
2793,3,1,41,3986,1,6.16,495071.76999010134
1023,4,3,18,9456,3,4.57,361541.8293859888
1416,3,1,8,4400,3,3.97,337351.9849646165
1280,3,1,27,2113,0,4.55,221656.81491435296
2449,1,2,19,9608,1,4.15,428047.7284999432
3344,4,1,44,5720,2,7.3,604696.1164539574
1727,5,3,6,1972,3,1.35,438223.73652945785
2701,1,3,13,2980,2,1.98,507832.4789533503
852,1,3,8,7623,0,1.81,220847.1660259607
3508,5,3,58,3071,1,2.62,613402.0651807411
1583,3,2,59,860,1,5.25,293280.2199789408
3462,2,1,54,6442,3,1.11,544309.6295106867
2456,4,2,56,1332,1,8.68,428042.3255327586
3704,2,1,59,899,3,2.97,591875.4713161783
3570,5,1,18,7670,0,1.63,661721.0420325012
2082,1,1,46,6497,1,6.76,302715.050053368
3263,1,2,51,8012,3,0.38,518363.3057953897
2655,4,1,13,4757,2,6.2,544313.1108426594
1554,1,2,55,2379,3,6.98,242639.953154588
803,1,3,37,9265,1,2.15,156078.27895067452
2599,4,3,52,8475,0,0.42,443094.8102537018
2501,4,1,35,1622,1,3.64,433676.21284996485
3591,5,2,39,3380,1,0.99,625064.8036257422
2096,1,3,16,4516,3,1.16,393056.0679551628
1027,1,2,29,6896,2,2.54,215185.09376319632
986,5,2,8,9783,1,2.95,326540.0262791764
2048,3,1,32,814,2,5.3,382632.0355445894
1843,3,3,55,4770,3,6.78,350082.61321126693
1845,3,1,51,470,2,5.93,304926.7348794988
503,5,1,24,2668,3,1.48,231066.11595307032
653,1,3,13,9782,0,1.72,183022.11773675604
3698,5,3,10,3807,2,8.79,778959.3369211096
3583,5,2,52,3275,2,5.58,606811.6803366737
2957,3,3,34,489,0,8.7,539411.5566840275
1896,2,2,40,8320,2,3.72,327505.9392667997
498,1,2,58,6814,0,6.14,49624.961434133314
2600,3,2,13,3452,1,5.24,498385.88320144895
2284,2,3,29,7615,3,3.19,434908.0206279244
3361,2,1,40,6971,0,4.7,517799.906870363
2319,4,2,3,478,2,5.02,532211.5017978112
1277,1,1,58,780,0,2.01,139048.2234623528
737,2,1,3,5158,2,3.15,223817.1077841922
3269,3,3,27,8645,1,7.91,603226.800728971
3634,4,1,7,4476,0,9.16,699670.7860743622
1356,1,1,1,8197,1,3.6,300695.1255647784
2104,5,3,40,4976,3,3.07,443583.42711300525
560,3,2,45,1024,2,1.95,100212.32214746714
2003,2,1,21,4032,2,6.78,386179.92916803743
3248,2,3,40,9091,1,3.23,561585.5904507092
797,3,1,55,5645,3,9.88,155903.04323353307
1700,2,1,54,1580,0,3.26,229032.10762601675
1215,4,2,15,6734,0,3.94,318281.2100292191
1927,1,1,28,3356,2,6.03,301433.43885756464
2319,4,3,48,4507,1,8.02,426946.9563318022
1815,2,1,47,5834,1,4.7,296556.178832528
1558,5,2,29,8775,0,4.23,378040.3687770322
1618,1,2,11,6010,3,9.96,406315.59624542337
800,1,3,34,8733,3,0.1,223939.09536734183
1039,3,2,10,6134,0,8.95,287843.3896463202
3504,3,1,45,3309,0,1.49,532003.462370361
3135,5,2,49,4282,1,7.86,582856.4453554177
859,1,3,20,3440,3,6.18,218398.14152552685
1354,5,2,20,6228,0,3.42,320574.09430108697
869,3,2,4,2049,0,8.74,256562.67895269798
3846,3,2,47,8697,2,0.13,622070.5339964578
1445,1,3,19,2949,0,2.27,284710.6124613175
3197,4,2,36,6880,0,5.67,556271.9675573128
2093,2,2,2,9527,3,3.52,461266.4411459563
2485,3,1,43,405,1,6.1,442759.0690281064
2677,3,3,32,7552,3,0.24,510816.81428148097
3836,4,2,52,4791,1,1.16,654796.8457624356
962,4,3,8,3650,2,1.27,328451.132021319
2885,5,2,8,7414,0,1.89,599088.8047340127
2199,5,2,3,4011,2,4.59,508558.9442012296
3754,2,2,34,5341,1,7.52,649152.159546982
2474,2,1,16,8701,3,9.06,483682.5016272385
625,1,1,33,2908,3,8.35,143575.8068994608
3748,5,1,23,2191,2,1.97,688095.9734833118
1197,3,3,31,8663,1,4.41,282998.65055213036
2731,5,3,0,3473,2,1.99,593160.6456317892
3326,3,1,7,4738,2,2.64,586754.0217003427
1359,4,3,44,8912,0,5.04,312976.65860650956
1904,5,2,22,9368,2,0.68,443782.8425361272
852,4,2,46,3922,0,2.18,145771.78015007317
3467,2,2,39,3751,0,9.35,552666.2530092628
1215,2,1,11,3032,3,4.66,288875.3085854677
1058,1,3,53,5879,0,4.45,171659.44707121135
3987,5,1,11,6779,0,0.15,694688.9268206581
946,4,3,45,352,3,2.47,233229.22666915157
1615,3,2,46,5954,2,8.66,328931.09190507926
3520,2,1,14,3000,1,1.65,588919.7639620143
3983,2,3,40,5510,1,4.15,661036.5929686879
416,3,3,18,2810,1,0.14,157688.96235911048
3643,4,2,25,1304,2,4.78,681581.9270339904
1643,4,1,51,7561,0,0.21,259216.28572267457
2605,5,1,28,4399,1,8.2,490306.4352181124
2924,5,1,21,4054,2,8.25,585036.537281231
1469,1,2,39,7463,0,7.88,222245.48055423007
3844,2,1,20,2114,3,2.83,612215.7762387441
2965,5,2,50,7565,1,8.37,566664.7059610803
2546,4,2,37,3272,0,5.43,441049.5103687836
2168,3,2,19,9398,1,3.74,410542.9683483237
1460,4,3,56,606,1,6.25,265726.82446100784
2727,2,1,28,366,1,0.12,422008.9873717841
3820,4,1,50,708,0,1.43,590863.7707767291
2944,1,2,3,1861,2,7.42,529712.2653262806
701,2,2,54,3864,0,2.44,112161.7228451231
580,3,1,6,3689,1,5.98,218242.6826231543
1006,1,2,27,880,0,3.85,154710.1709876893
3570,2,1,27,2724,3,8.55,605236.0675410322
1099,3,3,3,2320,2,9.52,326588.8551992283
1392,1,2,21,5460,0,8.84,270939.8527726732
1539,1,1,11,4557,3,2.71,332747.67033967364
590,2,2,44,1563,2,1.94,142252.26830005215
2700,5,1,2,9723,3,4.74,649643.3477233157
1380,1,1,21,2492,2,0.07,199806.52141691642
3375,1,2,43,1738,0,0.26,476020.08553696744
2406,3,3,1,3608,3,5.53,573986.1836214997
1584,4,1,23,7942,1,5.2,312069.9936444633
3727,2,1,33,8952,3,9.95,681629.3012834141
3794,2,1,26,9491,2,2.02,640089.0254628649
527,5,3,54,2103,0,2.58,151678.6554604509
2465,5,3,40,374,2,1.14,453322.0402776106
2216,2,2,0,2430,3,9.18,475776.73559991404
2158,5,3,7,4487,3,7.78,571961.5271941981
3013,3,2,22,4360,1,8.22,560376.3372951754
969,2,2,37,7306,0,9.03,194162.0194357959
1746,5,3,5,9889,0,5.25,460542.38392758474
2295,2,2,21,3371,3,4.51,438677.64799394686
3133,4,3,24,1767,0,3.3,587287.0229961288
1025,1,2,17,1351,1,5.89,203127.17335680156
3759,2,3,16,7819,2,4.54,684564.9470278379
3301,1,3,11,6233,0,4.52,571354.4746911856
2086,5,2,5,8760,3,9.37,492450.66718610644
3409,1,1,25,5146,2,9.84,585801.1557449537
554,2,2,26,8434,2,7.96,157172.5431688889
2937,4,3,7,2107,1,7.57,605179.1813979179
1809,5,1,18,3690,3,6.81,446681.3649165582
1184,2,2,59,2735,0,1.66,130093.73086919141
3575,5,2,41,4373,3,0.59,656859.681938992
3864,3,2,0,1493,2,6.91,727319.7308606268
645,1,1,56,4969,3,7.29,82227.53198145873
3647,3,3,28,4996,0,0.47,667910.4657777214
3510,2,2,44,7071,0,9.28,570470.8740849033
1900,4,2,48,3172,1,0.91,326712.1422084652
2105,5,2,34,4122,0,2.86,398969.74155267194
3206,1,2,39,5197,0,6.72,521077.2493687339
937,5,2,13,7232,3,1.7,301872.87547073176
2290,2,3,34,1192,3,0.55,429664.3619708205
2241,5,3,47,8312,2,3.31,453654.4033775368
1320,1,2,44,5487,1,7.66,246277.76128867696
2855,2,1,19,2440,3,4.14,491699.2110503423
924,5,3,55,1676,0,6.53,198480.7352180799
3275,4,1,48,6626,2,5.8,555281.8937193986
1929,2,3,12,589,3,0.22,398226.6700495045
3350,2,2,37,1199,1,9.89,553476.8594260598
435,4,3,48,2055,1,0.41,182218.80810853036
1084,3,2,45,8325,2,9.68,289554.94008703815
419,1,3,48,9050,2,5.5,112431.10149642086
2768,3,2,7,2963,2,9.63,574355.4414810091
2959,5,2,42,3863,2,1.15,536297.3563984084
799,4,2,19,5186,2,4.9,235925.48932963738
3101,3,2,59,1681,0,1.7,461970.55518889497
1371,2,1,32,7456,0,0.51,248514.35502924107
2306,5,2,25,3931,3,6.18,528414.5352313602
2918,5,1,38,7462,1,2.08,547778.1684104541
1566,3,1,20,651,0,5.88,278646.5141369158
1515,3,2,52,9929,0,1.12,250683.44643692573
3825,4,1,48,3293,0,3.32,579918.6487026801
1233,1,3,41,1082,3,7.82,266950.8711480544
2223,3,2,42,4608,2,4.37,393528.3121039934
3174,3,1,53,4268,3,6.28,521533.79768737935
2382,2,2,40,3477,1,6.47,413265.0053601
1253,5,2,8,8766,1,8.44,430124.798396238
450,1,2,23,8151,1,3.25,132917.4987957905
974,2,1,36,4890,1,6.87,184724.57924387496
3661,4,3,48,4795,0,9.62,611779.1575759272
1548,4,3,40,4759,0,7.3,357790.7889700621
2597,3,1,16,7491,3,4.9,508599.2707140585
2761,3,2,23,8360,2,6.31,566942.849298554
3017,4,1,20,312,1,7.4,582486.2622589745
3813,3,1,50,5331,3,6.12,616712.8779478306
2752,1,1,58,3397,0,0.17,331258.4763828819
2115,3,2,38,339,0,1.95,363229.38234407216
1081,5,1,54,1624,2,8.1,224399.92942456796
1237,3,2,40,3149,2,2.73,250824.9168491261
1477,2,1,38,3368,2,7.32,290226.99213708675
3450,1,3,12,8908,3,3.72,604404.3576875033
2891,2,1,10,6243,0,5.22,522088.2768813643
3060,2,1,45,7189,0,0.68,475609.92381771473
3440,5,3,18,7436,2,1.81,701464.2112351212
2711,1,2,10,6461,1,9.57,481011.15657625155
3524,1,2,12,1087,2,8.9,631860.7293954793
1995,1,1,45,3304,3,6.52,344488.7316381339
3451,1,3,44,249,2,4.6,555812.6759680015
404,1,2,0,4151,2,6.76,176868.11587782926
1526,5,1,39,3760,3,6.19,364782.2588114689
1619,3,3,43,218,2,5.69,305469.6237912234
1173,2,2,18,5021,0,0.59,211165.3418359346
1276,1,2,11,6540,1,6.33,277458.04370138136
1391,3,3,7,8258,2,7.69,389936.90383408
3331,3,3,7,9865,3,9.94,710978.7352287286
3821,2,3,52,2806,1,0.11,600702.0514833586
446,5,3,44,8046,3,7.3,228608.42137449715
3314,4,1,11,8843,1,5.72,655852.2286020792
3270,4,3,47,6632,1,4.34,570996.4598740378
3383,3,2,32,3965,2,1.28,582261.2139618482
3103,2,2,44,2638,0,4.09,510739.35586299753
668,4,1,25,9941,2,3.54,191498.85951538626
769,3,2,38,6558,3,3.03,210138.6572304459
1035,5,2,27,8519,3,7.31,305883.8234216596
1529,4,3,57,6141,1,7.01,325667.23206461937
2093,3,2,4,7844,1,5.89,458949.29038849723
2082,3,1,7,5055,0,9.39,431731.87870756246
1056,1,3,24,6747,2,3.5,273971.5977479337
519,5,3,26,7396,3,2.44,221441.14441102708
1230,1,1,45,6111,1,6.56,195718.38946437207
2210,2,3,22,6681,0,1.99,408229.4773780436
1481,1,3,29,2961,3,3.15,305170.2263208606
2374,1,1,44,4656,1,2.25,387748.6157337789
1769,4,3,46,9807,3,0.69,357929.1698014964
1140,3,1,22,6561,0,8.27,235984.0457529191
3945,5,1,48,5893,0,2.55,633999.4514863599
516,1,2,46,5988,3,4.73,106909.63835558163
2253,5,2,19,401,2,0.43,473326.6166740665
3238,1,3,17,6360,3,6.99,602680.5759157316
1550,2,3,17,717,1,3.31,360917.21902350866
3864,1,1,1,7937,2,7.45,723320.7808930968
2331,4,3,3,9733,1,4.12,556534.9297813392
1412,3,1,29,2188,3,1.96,339344.77273234684
2064,2,1,32,4002,2,5.13,380475.9691332526
1481,1,3,35,6008,1,1.31,285263.1016702528
1033,5,1,17,7362,3,4.41,329999.4104378753
912,2,2,36,6441,3,3.17,220010.10627587573
3249,2,3,18,8599,2,9.12,628795.9304836568
1519,1,2,46,5833,3,0.61,241408.85910169358
1541,2,3,27,5955,0,6.94,289944.4350432427
959,5,1,39,6509,1,1.83,226744.92062075774
887,2,3,19,4317,1,3.19,239569.47399344126
3708,5,2,48,8545,3,4.16,671215.2380194798
1296,1,1,32,1718,3,9.08,224769.2861176149
3743,3,3,11,6363,0,2.43,681148.3390003324
1612,2,3,57,2800,2,0.91,256769.94382833724
1103,3,3,50,2395,3,3.19,233562.9071606244
1870,5,2,14,3754,3,1.05,452976.30697853316
980,2,2,40,3049,3,1.29,211093.16073820606
3237,4,3,38,1942,3,5.74,595652.970980509
3308,3,1,1,1506,1,0.61,623664.4237602503
2694,2,1,28,4049,3,0.31,484760.76239336625
3547,3,2,40,7719,1,7.14,615314.0386609709
553,2,1,9,4395,3,3.62,202895.00543906135
2079,1,2,1,5378,2,1.25,434040.628849239
3906,3,3,50,2755,0,2.54,602077.1070084106
1396,4,2,10,2505,2,6.42,384764.62669963593
3557,4,2,12,7819,3,2.76,677666.782548041
3144,5,3,9,9480,3,4.95,668555.9672674325
3756,2,1,13,2842,3,1.22,655669.7833562952
1643,3,2,17,9569,2,5.88,336347.1974865066
1492,5,2,50,6609,3,3.16,330010.4061645152
3518,3,3,53,4957,2,6.27,615059.618939116
1408,2,1,8,3194,1,8.08,277909.5230710797
2541,4,2,56,8951,0,6.12,457192.18649092905
2173,1,3,38,1471,0,2.96,332796.2476294509
1357,4,2,27,2013,2,2.56,315393.235609856
3459,5,3,2,9001,1,3.27,706590.5098598908
852,1,1,19,2661,2,1.65,186530.36968258093
1627,5,1,5,4320,1,1.81,413618.95112327527
3359,2,1,26,6324,3,7.91,606168.20728765
2665,1,1,52,8675,1,3.85,389570.377010126
2921,5,2,1,4596,1,4.36,608904.8932681315
2879,2,2,28,9483,1,5.94,511249.95941257774
2788,4,1,37,1016,0,5.9,492051.42929919285
950,2,1,2,7504,1,0.67,254323.32798345838
2035,3,1,15,7531,3,8.32,451288.53164352244
1712,2,2,29,282,3,1.77,299022.4491688591
3725,2,1,39,2120,3,7.23,611219.5508312918
2157,3,1,1,8017,1,7.73,453105.42071605695
756,5,1,16,2293,2,7.15,275734.58039811655
2470,5,3,40,7271,2,5.79,492112.56493242807
2185,2,1,11,8167,3,0.15,436575.0751616845
2969,3,3,34,8567,0,3.6,524640.2447837094
2181,3,3,42,5485,2,6.05,379688.0763346852
3571,4,1,0,5137,1,3.87,701153.18571776
3249,5,3,54,569,2,8.63,590872.2555627208
3651,1,1,44,2018,3,3.09,583475.5459153139
3694,5,2,14,2301,0,2.94,656215.8184264472
3209,5,2,25,3690,2,2.66,610879.57378165
2889,4,2,36,1979,2,3.33,520969.9115808027
2031,1,2,20,7874,3,5.57,402512.12582476623
3216,4,3,48,1564,0,7.07,529234.25391686
1415,1,1,30,7494,0,6.63,253008.75713547558
1748,2,1,24,3876,3,8.08,389425.24812562065
915,1,1,22,2626,1,8.86,199572.74692931064
3487,4,2,23,8464,2,8.16,670315.4480364702
3239,5,2,56,8289,1,0.19,523448.85185949254
735,1,1,37,3162,2,7.36,124169.0777288595
2182,1,2,27,1059,2,2.08,370541.10198354453
2705,3,1,20,4338,1,1.33,472820.4705831434
896,5,1,53,2624,3,6.38,238313.12852541968
1295,2,1,42,9456,3,3.2,254436.06401937274
2607,4,1,17,4217,2,0.57,556041.5717529394
3946,2,1,35,8760,3,1.38,628942.8312715142
1251,5,1,34,8542,2,0.01,292426.29222783464
2087,1,1,44,1334,3,9.03,312138.1525493142
2331,1,2,54,5366,2,0.25,298683.1845081935
3137,5,1,8,5319,3,2.09,650912.419589063
2827,1,1,52,5894,0,4.16,409250.30765934713
1968,1,2,37,6336,1,3.57,307490.1913070842
1356,1,2,57,5685,0,9.12,199990.59239186847
3138,4,2,29,4364,1,0.4,550042.6480214891
3898,4,1,59,2546,1,5.12,602267.8509031344
2036,3,3,43,5239,2,6.8,388872.3077446745
1691,2,3,33,5097,1,9.32,322872.69645191444
1840,5,2,31,8452,0,6.2,385171.00180360087
1591,5,3,2,5241,0,8.04,420483.2911211149
1466,5,2,2,4101,3,0.84,415079.5769350666
684,3,1,27,1537,0,3.86,102769.5964803037
2844,4,3,43,1384,3,3.74,525035.414770304
411,3,1,14,4626,1,8.86,152728.36246924652
2030,5,3,40,1751,0,1.51,376500.9462754944
3773,2,1,22,1829,1,1.52,604654.9325183255
3724,1,3,39,9719,0,3.29,594621.2058005368
2946,4,1,10,1726,0,0.54,537683.7627658661
1153,4,1,47,1561,3,1.82,211250.7898040359
2482,3,3,31,9965,1,9.65,508613.93036891153
3174,4,1,57,4570,0,4.28,481027.92026279017
3296,5,1,58,5483,2,6.32,548631.8748814777
489,5,1,56,7810,1,7.26,149439.83571789032
1175,3,3,53,2193,1,3.67,227053.37128585484
3052,5,3,35,1069,1,1.47,557114.0067773404
3417,2,1,59,1214,3,2.07,449464.75939801685
2025,3,1,32,802,2,3.13,348034.18226824305
3469,2,3,23,890,1,6.36,613447.7637248051
817,1,3,38,8885,0,3.98,175032.1610738006
514,2,1,33,689,0,0.07,86102.06684943107
1016,1,1,55,7064,3,5.23,147638.27905848768
3667,1,1,27,7440,0,9.22,639454.2201139865
1225,2,2,36,7986,1,8.12,244632.2775698929
3972,3,3,6,8224,0,8.25,762242.6537358221
2049,5,2,3,494,1,7.95,459486.9580914621
1916,5,3,36,5688,0,3.24,379692.64301582065
3546,1,3,55,4227,2,7.65,571250.5122292445
812,1,3,0,3112,3,1.43,268205.2255157074
3847,3,3,0,4944,3,6.58,753883.6621961319
3891,4,3,46,2073,2,6.42,643083.2861673896
1128,2,3,19,3458,2,0.26,260544.85321197548
3748,1,3,18,3017,3,7.88,674662.1180155913
3468,5,2,28,8836,2,9.03,680938.3607785765
3208,3,1,9,3841,1,2.67,572624.2067007798
1075,2,1,59,4658,0,8.12,148868.31761478123
3865,3,2,17,5507,3,0.82,684228.4631143179
2292,2,2,27,9133,2,6.0,413829.2355252628
2904,2,2,34,2241,1,4.86,501775.3704129361
3367,1,2,42,879,3,5.46,541143.9662680542
2639,3,3,46,5938,2,9.26,485492.3288275534
3186,3,1,30,5868,3,8.71,570623.0451445568
1522,5,3,26,9750,2,7.85,400746.5288692984
1971,5,1,10,7897,3,2.74,467870.3285757399
1377,1,1,48,8233,1,9.12,253949.6315162861
1408,1,2,48,262,1,0.98,211754.7369965429
2543,4,3,37,8029,0,8.53,480771.8175610183
2087,5,2,4,7552,3,3.28,496878.7251458862
3110,2,3,7,7115,0,0.54,557116.3779935081
3661,3,1,33,8526,3,6.69,641261.5893749405
436,1,2,47,3844,2,2.31,59768.97099518231
3840,3,2,51,5170,2,2.44,631156.4748997925
1948,3,1,55,8203,0,3.06,249915.67488403895
2726,4,1,11,3478,3,0.64,551479.3661854949
2664,5,1,37,7496,0,1.77,486409.5497561086
3314,1,2,0,9214,1,0.05,620932.8496629528
1272,3,3,30,3274,0,4.45,293233.79109107907
2221,1,2,3,8512,0,0.84,403020.04429491895
1696,2,3,48,7752,2,6.83,334679.96161877015
2509,4,2,44,1837,0,2.36,425742.65045571397
995,2,2,49,5303,3,9.44,171489.8648511146
2303,1,1,4,9316,2,8.71,460388.63879457786
1128,1,3,29,844,0,2.89,194072.9315885861
1765,5,2,55,2232,1,7.83,342708.43032794
796,3,2,23,2961,0,8.03,246440.9966055049
1098,3,1,58,2268,0,9.87,182341.73805464318
3490,2,1,2,441,0,5.98,592975.3029762001
2624,4,3,10,2868,2,0.82,566084.3001123241
2035,3,2,44,1002,3,6.47,385914.85140272876
795,5,3,3,5259,1,6.25,294814.76341936184
2892,2,2,25,395,0,6.38,461605.2446505069
3704,2,3,26,2387,3,3.07,633037.2488156256
475,5,1,45,2530,3,8.6,193836.03601343444
664,4,2,53,5041,2,9.59,176419.95732713907
2902,5,3,42,3806,1,2.18,542074.8503791082
2219,4,1,26,8668,2,0.88,409055.40658447664
1117,5,1,41,260,3,1.95,274184.3795803485
3182,5,3,50,4127,3,8.21,564880.3267128452
3855,1,2,49,6496,3,6.77,600444.4496786463
1250,2,2,5,2791,2,6.36,320531.2771822759
3977,5,1,58,8958,1,4.02,633073.3710992131
1790,5,2,14,9963,0,5.78,440048.5855890089
543,3,2,52,6321,2,3.08,111948.12042896796
1284,2,2,29,1400,3,4.77,247188.58814367387
3540,3,1,41,3054,2,7.93,619627.6412928895
3570,2,3,36,7224,3,9.81,645456.6038619801
795,3,2,57,9628,0,9.32,172846.72156099253
3496,5,1,36,7172,0,9.34,650128.1916910539
3395,5,1,41,336,1,4.02,532596.0210099814
3338,1,3,59,1229,3,4.69,526923.6527994064
1892,3,2,36,2794,1,7.06,343347.49631011306
3955,4,2,34,7406,1,9.22,695136.5441845218
3622,1,3,22,861,0,1.42,599030.8215533118
1567,3,3,5,2672,2,3.04,377253.1845318109
3016,3,1,3,286,2,1.39,578032.4215091304
1462,1,1,17,6419,1,6.12,280681.14064967836
2556,5,3,59,8343,0,3.06,459630.18029368116
1465,3,2,8,7168,3,3.26,358061.5681596942
1609,5,1,48,2973,2,0.71,287127.33421683725
3382,1,1,28,1900,1,3.5,515793.6485850499
2845,5,2,12,2900,2,8.62,602353.5173904011
3694,2,1,58,7015,2,2.33,590864.7678554908
1033,4,2,46,1847,3,6.95,276932.12798227085
1556,3,2,51,6238,0,6.3,259710.08044281212
3634,4,2,16,5364,3,8.63,710923.1535466495
1638,5,3,44,5720,0,1.32,332345.54052107903
1132,3,3,31,3887,2,9.78,292519.33237738046
634,5,3,47,796,1,5.83,200360.2549508555
3105,2,2,21,4745,3,9.95,593640.300315112
1150,1,2,3,8876,0,9.12,223589.22436365183
3035,3,3,4,9037,2,2.22,624313.9733177389
3480,2,1,36,4957,0,0.56,528615.5794156671
3545,2,2,40,4584,0,2.56,544499.2417153679
1353,3,1,48,9112,0,5.28,251899.1335632414
2939,5,1,12,4933,2,1.72,616212.4883280954
3360,2,2,33,7281,1,1.67,571352.0628808282
3724,4,2,44,8890,1,4.63,631898.967855778
3701,2,1,21,7317,1,0.33,592253.8869972217
1942,5,1,52,4929,0,1.22,275693.1114378064
1597,5,3,58,1873,2,4.16,328426.31993162713
2076,4,3,22,8506,0,0.63,442882.3221558887
1591,2,2,50,7378,1,3.97,263278.7297980394
2617,5,3,2,2494,1,4.74,601432.9241767598
1816,3,3,41,3830,2,4.51,330186.1952833501
3393,1,3,33,346,0,8.69,551287.220870899
3242,1,3,31,3653,3,5.3,557499.9808082422
3081,1,1,44,4707,3,4.68,480401.82631487865
1617,2,2,50,5983,1,4.11,290204.63325907814
1940,4,3,57,7951,2,8.18,380345.15551802475
2476,5,1,48,5828,0,8.95,443010.15098454943
3636,3,1,20,8528,0,8.53,624312.1304037893
1845,3,1,45,3560,1,6.74,345661.5894284292
2786,2,3,43,3205,1,1.37,428796.07554842747
1919,1,3,20,3752,0,2.77,337604.01134305174
1788,2,2,43,218,0,0.46,307894.74134194985
2256,4,3,10,2442,1,9.31,515578.8659614307
1765,4,3,38,6518,0,6.61,366212.4669659746
899,5,1,3,5297,3,7.46,327257.8411105257
2080,5,2,50,8840,1,3.12,380112.44025284366
910,4,3,0,2148,0,8.46,309805.4551028495
3798,4,3,27,9337,1,2.6,690176.6832200842
616,4,1,23,5818,2,0.02,196688.57198910008
1724,2,1,34,4436,1,3.76,265627.1722874738
1555,4,3,12,7101,1,5.71,403539.0401553864
2227,3,2,46,2120,2,4.79,410992.5934977262
3541,1,2,33,4388,3,8.62,595709.5374975885
3723,4,1,10,438,0,1.05,670417.9678661161
3886,1,1,35,404,2,5.54,611534.9254968915
2210,2,3,50,5752,1,5.13,361239.1971966789
2892,1,1,16,5127,0,2.81,454313.4862708577
3323,2,3,34,4590,2,8.22,570922.2302255868
1605,3,2,59,2887,0,7.53,266971.8513830943
2614,2,2,17,5151,0,7.33,479269.0973602959
490,2,3,39,6360,2,8.76,185001.86043763396
1113,5,1,21,5588,0,7.23,308633.4022440779
2281,4,2,56,9740,3,2.32,432365.69966254605
438,4,1,23,5326,2,7.06,191793.61603424445
3597,3,2,57,1016,3,3.08,557578.0210135668
3922,3,3,18,9212,1,2.42,719490.7859194998
572,4,3,36,392,0,0.73,163051.06330056445
1052,5,3,38,1976,1,7.44,260304.37222888504
1153,4,2,20,3845,1,7.11,326168.9851711742
1643,5,1,7,6514,0,2.34,409543.787498583
1481,3,1,27,8642,2,7.49,300021.0171116588
2083,1,1,4,1988,0,9.18,378210.10189766943
2923,3,2,16,7574,1,1.08,533838.9956111904
855,3,2,36,3900,1,2.33,203237.0308759923
1228,2,2,35,9559,2,7.5,275712.5036090799
1294,2,2,53,4093,0,2.75,195424.14425572712
1784,2,2,18,7011,1,6.25,369849.14560798253
2358,2,1,26,9488,3,0.81,402353.35607108934
3472,5,2,52,2879,1,4.52,603745.225627169
2834,4,2,33,4104,1,7.39,527460.2924890786
2396,1,1,10,7460,2,6.87,436349.1363488282
2795,3,2,53,704,3,8.15,448457.8745213936
589,5,1,44,9779,1,8.77,191757.22312372705
904,1,1,46,6973,1,7.73,152875.1979243562
1614,5,3,11,4016,3,6.72,409242.36396586825
1931,5,3,53,917,0,0.32,351813.7214131286
3840,3,3,20,4634,0,5.35,688762.7950369699
3880,4,3,53,858,1,0.38,622771.4091370468
1223,2,2,10,5257,1,8.08,305800.7640479035
1328,4,3,38,4208,0,3.21,283592.7516744536
1333,3,1,27,5194,2,5.62,293861.4201067273
1540,3,2,4,4434,3,2.79,390922.93865750113
533,3,3,16,3964,3,7.83,245064.13812301046
2505,1,1,55,4837,2,8.87,397370.40986893006
1084,4,2,19,2304,2,3.99,297944.5037756916
3119,4,2,40,9647,2,8.63,573493.1851844636
2620,5,3,45,7001,2,2.67,497056.19910493604
2252,5,2,57,8775,2,5.35,406133.8249426276
1214,5,1,11,2807,2,8.59,349507.59286225814
1572,3,2,5,8585,3,3.26,419176.2342930505
479,4,1,16,3919,2,9.54,204138.947880257
3333,3,2,50,2781,0,1.22,528164.1649541992
3684,1,3,18,2765,2,0.18,612624.3999096968
602,5,1,25,2963,2,9.04,232242.0983032127
3211,3,2,47,6528,3,0.69,567962.9425614888
1652,3,2,43,6191,3,9.92,357666.95946663886
2099,1,2,43,3606,2,9.51,323175.75933721685
1650,2,1,51,9123,3,1.37,284269.8963207109
2082,4,1,31,4980,1,5.38,413724.51557587105
1955,2,1,5,4377,3,1.85,406023.7394645418
3912,5,3,54,6676,3,4.28,713342.4422540468
3873,3,3,57,2804,3,0.61,612717.9592056492
2494,1,1,35,8381,3,2.24,413847.26309608173
1656,1,2,37,2582,0,3.63,282657.47881876206
3776,4,3,10,731,0,4.39,726430.9896693274
1949,2,1,32,6279,0,9.77,356178.8994801194
1566,4,2,23,834,2,8.08,347148.09552998235
3886,3,3,22,202,2,7.37,685604.7245876144
3984,4,2,14,8597,1,5.37,745194.8734888671
1796,1,2,26,6151,0,8.4,328517.48477451684
3730,1,2,10,5826,2,3.39,649314.5645544549
3103,5,2,56,7939,3,7.09,554502.3004360669
870,5,3,50,6203,3,9.94,276465.22150780784
3418,3,3,49,3090,0,3.15,557533.3069738909
1435,2,3,16,6439,1,6.74,337144.4863310095
1753,4,1,50,8226,1,8.44,341590.6751924822
3183,3,3,52,3506,3,9.16,557469.0042464398
3231,5,2,13,1097,1,7.18,632608.8324524113
1367,4,3,26,9477,0,2.84,347675.30646617245
757,5,2,17,9671,3,3.26,273524.83026939665
3419,4,1,27,870,2,0.21,586836.5160107599
3879,2,2,50,7491,2,7.61,654346.9563085495
1067,3,2,46,1705,1,0.43,181809.5149798068
772,4,2,46,6660,3,8.65,221097.6471271888
1431,1,1,3,5367,3,1.19,299714.6026177394
1545,1,3,6,5455,2,1.72,305155.57037432404
1771,4,3,44,449,3,4.77,365391.84695990407
3123,4,1,34,6657,3,7.38,560691.5647284291
489,4,2,47,2092,3,1.39,152795.60865287122
3145,1,3,8,3639,1,4.4,593340.7702008223
3787,1,1,7,3054,3,4.83,615364.5253365269
3649,4,3,51,9895,0,2.12,608361.6603199944
939,5,1,44,3992,1,1.16,218360.4646592996
3179,5,2,16,5530,3,8.36,617323.0216314044
1268,2,3,16,8071,3,5.02,351127.30720844463
440,3,1,48,8435,0,0.14,89887.84073606967
1139,5,3,32,3812,1,8.03,335228.256438638
2346,1,3,31,2818,2,9.81,418687.0427377714
2949,5,3,7,4878,2,6.06,632419.5845944762
3406,2,3,18,3363,1,5.04,608527.2729040186
3616,2,1,37,9680,3,8.78,661864.1809510308
1624,3,2,2,3142,3,9.53,440836.1072099413
1328,5,1,58,8611,2,7.55,280718.9539901749
2436,1,1,4,2125,2,4.45,455088.03543301567
2908,1,1,12,3172,2,5.92,524002.0762316987
3179,4,2,46,1190,0,7.01,586091.0964198292
3199,1,3,45,2012,2,1.94,512348.39586114103
1324,3,3,30,9195,0,4.47,296319.1879223754
3356,3,3,54,689,1,8.3,549906.0320677003
1981,1,2,15,6076,3,6.55,403650.30495038885
3724,1,3,49,9885,2,4.11,585959.5636329758
789,4,2,31,3845,3,6.63,253851.84676153745
2017,1,3,21,7281,3,1.18,365000.0674041692
3330,4,3,28,3091,2,4.01,621501.9882118733
655,4,1,21,3716,2,7.93,237164.65709454674
1108,1,2,42,3540,1,2.21,183292.47308674708
2238,2,1,2,6610,0,1.86,416247.50759896694
2344,2,1,53,253,0,9.51,344995.5097916672
2897,4,1,9,2775,3,2.1,594106.6937338442
409,1,2,41,815,2,2.61,54601.96607953157
3271,2,2,20,6144,1,9.7,567946.1270417734
1197,1,3,15,7604,1,7.35,263215.3209564501
3713,1,1,11,1154,1,7.0,623044.4427146672
3722,1,3,1,1829,1,8.53,653413.2386548761
1276,5,1,40,7059,1,1.16,293058.0318553196
1428,1,2,23,9041,0,7.06,258976.1508228827
3590,5,2,34,3478,0,5.04,647063.1111548626
1415,4,2,55,5655,0,8.29,256848.53798161194
2224,2,1,29,4001,2,5.08,392532.0583832055
773,2,2,56,2761,3,6.2,116005.08180682512
3536,2,1,29,6739,1,4.78,605244.3249041991
2593,2,3,46,570,2,4.78,418200.040032572
623,2,1,34,1057,1,7.68,114279.66557912595
1662,2,3,18,5086,0,6.29,394922.18026804185
2624,2,1,49,7685,2,6.33,436046.14621915214
2202,4,3,7,583,0,4.5,495214.3281656615
1252,1,2,25,4534,1,5.31,251975.827927238
3753,3,3,48,4490,1,7.46,624260.388800272
462,5,2,39,2925,3,8.26,175793.0028508998
1640,3,2,6,6404,1,6.97,381741.59225148684
3274,3,3,29,6311,0,9.24,578878.8131094888
3242,1,1,6,4451,1,8.2,554439.6965513097
1088,1,1,2,1122,3,5.62,231640.25342060608
1884,1,1,0,3115,3,6.71,396249.5191959099
2033,2,1,35,8157,0,9.26,385512.2429505169
2552,4,1,24,3246,2,6.19,506024.734460529
3570,2,2,36,9366,1,8.25,604866.1922429658
910,4,1,0,1430,3,6.89,304218.56254379696
784,4,2,14,7847,1,5.52,200898.45375212806
804,3,2,36,5133,1,2.42,177649.29156201248
3270,3,2,12,9755,2,4.26,600256.4820955932
917,4,3,39,4140,3,9.68,274558.2505580455
875,4,3,7,6683,1,6.58,300156.4802266353
2400,2,2,4,403,3,5.64,472339.90917584917
3156,2,3,59,360,0,9.33,491347.934089772
2068,3,1,8,9160,0,5.87,427195.58306013886
2293,1,1,0,3948,1,5.26,462998.4807891286
3218,4,2,35,6918,3,7.59,623034.3500089346
1860,2,1,34,2781,1,7.13,327291.4558007374
3494,3,2,1,1293,3,1.93,651525.7105269722
3444,2,2,39,4700,3,4.71,560661.2176178503
3124,4,1,22,8999,2,4.73,603764.9601487322
1113,4,3,8,5910,2,3.78,335108.6125511914
3929,5,1,33,9932,2,5.17,718711.3118225321
482,1,1,45,3075,1,4.13,85400.0104834312
1568,5,2,13,3391,2,1.99,361689.2244971638
3556,3,2,3,2037,2,4.12,701774.7077005799
3549,2,2,29,889,0,0.72,587675.6357389799
2904,3,2,30,3959,3,5.76,499709.1955602471
2301,4,3,37,2303,3,8.54,523437.84897821955
2448,5,3,10,565,2,7.25,561507.5263816292
450,5,3,34,8292,3,3.6,212313.2339915409
1084,5,2,7,4372,0,0.87,320335.24447209854
1116,3,2,2,6233,0,2.02,272376.50726122526
1869,4,2,13,2578,2,5.45,436778.567063871
848,2,3,59,1405,0,2.07,107350.07083329378
1280,2,2,12,5188,3,5.44,355103.19070941204
887,3,1,44,5869,1,2.32,169950.00387812802
2223,5,1,31,2935,3,8.49,480786.4610414565
2481,1,2,33,8690,1,3.97,399718.69800695725
3819,3,1,44,1156,2,2.46,625871.9204778671
2542,3,1,18,9506,1,8.12,493420.39872995776
3543,4,3,58,6823,0,3.43,556148.9658335611
1974,2,2,37,1674,3,1.11,344002.745602235
2601,3,2,15,4660,1,5.7,545192.2213772507
649,3,3,1,7202,3,5.82,299393.54052086617
1073,5,1,39,6596,2,7.15,265012.4986218701
837,5,1,16,3028,2,2.4,224422.6847799813
2565,1,2,54,3050,0,4.44,349520.17643538734
1170,4,1,33,3164,2,2.82,231158.51991931078
3777,1,3,41,4794,1,0.81,554667.8398713301
667,5,3,59,9341,2,8.77,227753.82260330603
2384,2,2,15,6844,0,7.29,454405.7479276033
1477,5,3,37,3050,3,3.01,393582.1689668788
635,4,3,59,365,3,5.99,150997.16202404743
788,5,2,1,1119,2,2.01,294422.3813048174
3437,4,3,1,8505,1,8.9,684376.5129650617
1162,4,3,25,3704,0,1.15,268260.5327766751
2248,4,3,12,1191,1,0.04,466259.8007613483
2848,4,1,55,6247,0,5.02,452260.92064376705
1023,4,2,46,4039,2,5.83,238088.81261231002
3214,2,2,30,1458,0,5.79,551818.1912650277
3774,1,2,59,7809,0,0.55,552696.3517090911
3366,3,1,33,8906,2,3.14,565745.308318174
3678,1,1,38,5004,1,4.99,565070.917562727
1652,4,2,2,267,2,2.17,416725.92749918887
3300,2,1,7,9988,0,8.73,622880.7301485902
977,5,2,22,5860,2,0.87,273656.8663069169
2522,2,1,13,4678,0,4.87,465429.2890960048
834,4,3,55,8410,2,6.91,224272.930183754
2550,2,3,54,3721,3,2.62,403482.21772922145
3893,2,2,26,772,3,6.24,688217.1592517147
1163,4,1,53,7282,2,8.29,245914.86416864936
3185,2,1,28,8032,1,1.9,493686.1878734695
3253,3,3,38,5595,0,9.17,569772.9287857726
1729,3,3,52,2458,3,5.54,332683.15083169943
